ts	regime	predicted_edge_bps	confidence	should_trade	threshold_used	reason	realized_pnl_usd
2026-04-05T06:40:04.328614+00:00	warmup	-0.000000	0.061875	False	2.045887	low_signal_confidence	
2026-04-05T06:40:04.362152+00:00	warmup	-0.000000	0.061875	False	2.045887	low_signal_confidence	
2026-04-05T06:40:04.392290+00:00	warmup	-0.000000	0.061875	False	2.045887	low_signal_confidence	
2026-04-05T06:40:04.422114+00:00	warmup	-0.000000	0.061875	False	2.045887	low_signal_confidence	
2026-04-05T06:40:04.450650+00:00	quiet	-0.000000	0.211875	False	2.118219	low_signal_confidence	
2026-04-05T06:40:04.480329+00:00	quiet	-0.000000	0.211875	False	2.118219	low_signal_confidence	
2026-04-05T06:40:04.509236+00:00	quiet	-0.000000	0.211875	False	2.118219	low_signal_confidence	
2026-04-05T06:40:04.537258+00:00	quiet	-0.000000	0.211875	False	2.118219	low_signal_confidence	
2026-04-05T06:40:04.566706+00:00	quiet	-0.000000	0.211875	False	2.118219	low_signal_confidence	
2026-04-05T06:40:04.596500+00:00	quiet	-0.000000	0.211875	False	2.118219	low_signal_confidence	
2026-04-05T06:40:04.625879+00:00	quiet	-0.000000	0.211875	False	2.118219	low_signal_confidence	
2026-04-05T06:40:04.653454+00:00	quiet	-0.000000	0.211875	False	2.118219	low_signal_confidence	
2026-04-05T06:40:04.682282+00:00	quiet	-0.000000	0.211875	False	2.118219	low_signal_confidence	
2026-04-05T06:40:04.710914+00:00	quiet	-0.000000	0.211875	False	2.118219	low_signal_confidence	
2026-04-05T06:40:04.739771+00:00	quiet	-0.000000	0.211875	False	2.118219	low_signal_confidence	
2026-04-05T06:40:04.768711+00:00	quiet	-0.000000	0.211875	False	2.118219	low_signal_confidence	
2026-04-05T06:40:04.798951+00:00	quiet	-0.000000	0.211875	False	2.118219	low_signal_confidence	
2026-04-05T06:40:04.828188+00:00	quiet	-0.000000	0.211875	False	2.118219	low_signal_confidence	
2026-04-05T06:40:04.858257+00:00	quiet	-0.000000	0.211875	False	2.118219	low_signal_confidence	
2026-04-05T06:40:04.886926+00:00	quiet	-0.000000	0.211875	False	2.118219	low_signal_confidence	
2026-04-05T06:40:04.915368+00:00	quiet	-0.000000	0.211875	False	2.118219	low_signal_confidence	
2026-04-05T06:40:04.943968+00:00	quiet	-0.000000	0.211875	False	2.118219	low_signal_confidence	
2026-04-05T06:40:04.972908+00:00	quiet	-0.000000	0.211875	False	2.118219	low_signal_confidence	
2026-04-05T06:40:05.001736+00:00	quiet	-0.000000	0.211875	False	2.118219	low_signal_confidence	
2026-04-05T06:40:05.030312+00:00	quiet	-0.000000	0.211875	False	2.118219	low_signal_confidence	
2026-04-05T06:40:05.058679+00:00	quiet	-0.000000	0.211875	False	2.118219	low_signal_confidence	
2026-04-05T06:40:05.087424+00:00	quiet	-0.000000	0.211875	False	2.118219	low_signal_confidence	
2026-04-05T06:40:05.117557+00:00	quiet	-0.000000	0.211875	False	2.118219	low_signal_confidence	
2026-04-05T06:40:05.145652+00:00	quiet	-0.000000	0.211875	False	2.118219	low_signal_confidence	
2026-04-05T06:40:05.174308+00:00	quiet	-0.000000	0.211875	False	2.118219	low_signal_confidence	
2026-04-05T06:40:05.203323+00:00	quiet	-0.000000	0.211875	False	2.118219	low_signal_confidence	
2026-04-05T06:40:05.232545+00:00	quiet	-0.000000	0.211875	False	2.118219	low_signal_confidence	
2026-04-05T06:40:05.261922+00:00	quiet	-0.000000	0.211875	False	2.118219	low_signal_confidence	
2026-04-05T06:40:05.290710+00:00	quiet	-0.000000	0.211875	False	2.118219	low_signal_confidence	
2026-04-05T06:40:05.319369+00:00	quiet	-0.000000	0.211875	False	2.118219	low_signal_confidence	
2026-04-05T06:40:05.348424+00:00	quiet	-0.000000	0.211875	False	2.118219	low_signal_confidence	
2026-04-05T06:40:05.377964+00:00	quiet	-0.000000	0.211875	False	2.118219	low_signal_confidence	
2026-04-05T06:40:05.407939+00:00	quiet	-0.000000	0.211875	False	2.118219	low_signal_confidence	
2026-04-05T06:40:05.437464+00:00	quiet	-0.000000	0.211875	False	2.118219	low_signal_confidence	
2026-04-05T06:40:05.467287+00:00	quiet	-0.000000	0.211875	False	2.118219	low_signal_confidence	
2026-04-05T06:40:05.496658+00:00	quiet	-0.000000	0.211875	False	2.118219	low_signal_confidence	
2026-04-05T06:40:05.525233+00:00	quiet	-0.000000	0.211875	False	2.118219	low_signal_confidence	
2026-04-05T06:40:05.624283+00:00	quiet	-0.000000	0.211875	False	2.118219	low_signal_confidence	
2026-04-05T06:40:05.653610+00:00	quiet	-0.000000	0.211875	False	2.118219	low_signal_confidence	
2026-04-05T06:40:05.681926+00:00	quiet	-0.000000	0.211875	False	2.118219	low_signal_confidence	
2026-04-05T06:40:05.711639+00:00	quiet	-0.000000	0.211875	False	2.118219	low_signal_confidence	
2026-04-05T06:40:05.739663+00:00	quiet	-0.000000	0.211875	False	2.118219	low_signal_confidence	
2026-04-05T06:40:05.768984+00:00	quiet	-0.000000	0.211875	False	2.118219	low_signal_confidence	
2026-04-05T06:40:05.796901+00:00	quiet	-0.000000	0.211875	False	2.118219	low_signal_confidence	
2026-04-05T06:40:05.825046+00:00	quiet	-0.000000	0.211875	False	2.118219	low_signal_confidence	
2026-04-05T06:40:05.853405+00:00	quiet	-0.000000	0.211875	False	2.118219	low_signal_confidence	
2026-04-05T06:40:05.881744+00:00	quiet	-0.000000	0.211875	False	2.118219	low_signal_confidence	
2026-04-05T06:40:05.912754+00:00	quiet	-0.000000	0.211875	False	2.118219	low_signal_confidence	
2026-04-05T06:40:05.942617+00:00	quiet	-0.000000	0.211875	False	2.118219	low_signal_confidence	
2026-04-05T06:40:05.970114+00:00	quiet	-0.000000	0.211875	False	2.118219	low_signal_confidence	
2026-04-05T06:40:05.998974+00:00	quiet	-0.000000	0.211875	False	2.118219	low_signal_confidence	
2026-04-05T06:40:06.027880+00:00	quiet	-0.000000	0.211875	False	2.118219	low_signal_confidence	
2026-04-05T06:40:06.056757+00:00	quiet	-0.000000	0.211875	False	2.118219	low_signal_confidence	
2026-04-05T06:40:06.086366+00:00	quiet	-0.000000	0.211875	False	2.118219	low_signal_confidence	
2026-04-05T06:40:06.115211+00:00	quiet	-0.000000	0.211875	False	2.118219	low_signal_confidence	
2026-04-05T06:40:06.143110+00:00	quiet	-0.000000	0.211875	False	2.118219	low_signal_confidence	
2026-04-05T06:40:06.171417+00:00	quiet	-0.000000	0.211875	False	2.118219	low_signal_confidence	
2026-04-05T06:40:06.199064+00:00	quiet	-0.000000	0.211875	False	2.118219	low_signal_confidence	
2026-04-05T06:40:06.227766+00:00	quiet	-0.000000	0.211875	False	2.118219	low_signal_confidence	
2026-04-05T06:40:06.256547+00:00	quiet	-0.000000	0.211875	False	2.118219	low_signal_confidence	
2026-04-05T06:40:06.284890+00:00	quiet	-0.000000	0.211875	False	2.118219	low_signal_confidence	
2026-04-05T06:40:06.313845+00:00	quiet	-0.000000	0.211875	False	2.118219	low_signal_confidence	
2026-04-05T06:40:06.341533+00:00	quiet	-0.000000	0.211875	False	2.118219	low_signal_confidence	
2026-04-05T06:40:06.369475+00:00	quiet	-0.000000	0.211875	False	2.118219	low_signal_confidence	
2026-04-05T06:40:06.399025+00:00	quiet	-0.000000	0.211875	False	2.118219	low_signal_confidence	
2026-04-05T06:40:06.427465+00:00	quiet	-0.000000	0.211875	False	2.118219	low_signal_confidence	
2026-04-05T06:40:06.456787+00:00	quiet	-0.000000	0.211875	False	2.118219	low_signal_confidence	
2026-04-05T06:40:06.486560+00:00	quiet	-0.000000	0.211875	False	2.118219	low_signal_confidence	
2026-04-05T06:40:06.515234+00:00	quiet	-0.000000	0.211875	False	2.118219	low_signal_confidence	
2026-04-05T06:40:06.543456+00:00	quiet	-0.000000	0.211875	False	2.118219	low_signal_confidence	
2026-04-05T06:40:06.572079+00:00	quiet	-0.000000	0.211875	False	2.118219	low_signal_confidence	
2026-04-05T06:40:06.600980+00:00	quiet	-0.000000	0.211875	False	2.118219	low_signal_confidence	
2026-04-05T06:40:06.629449+00:00	quiet	-0.000000	0.211875	False	2.118219	low_signal_confidence	
2026-04-05T06:40:06.658586+00:00	quiet	-0.000000	0.211875	False	2.118219	low_signal_confidence	
2026-04-05T06:40:06.687202+00:00	quiet	-0.000000	0.211875	False	2.118219	low_signal_confidence	
2026-04-05T06:40:06.716486+00:00	quiet	-0.000000	0.211875	False	2.118219	low_signal_confidence	
2026-04-05T06:40:06.746938+00:00	quiet	-0.000000	0.211875	False	2.118219	low_signal_confidence	
2026-04-05T06:40:06.774634+00:00	quiet	-0.000000	0.211875	False	2.118219	low_signal_confidence	
2026-04-05T06:40:06.804098+00:00	quiet	-0.000000	0.211875	False	2.118219	low_signal_confidence	
2026-04-05T06:40:06.832002+00:00	quiet	-0.000000	0.211875	False	2.118219	low_signal_confidence	
2026-04-05T06:40:06.861979+00:00	quiet	-0.000000	0.211875	False	2.118219	low_signal_confidence	
2026-04-05T06:40:06.889598+00:00	quiet	-0.000000	0.211875	False	2.118219	low_signal_confidence	
2026-04-05T06:40:06.919489+00:00	quiet	-0.000000	0.211875	False	2.118219	low_signal_confidence	
2026-04-05T06:40:06.948624+00:00	quiet	-0.000000	0.211875	False	2.118219	low_signal_confidence	
2026-04-05T06:40:07.000666+00:00	quiet	-0.000000	0.211875	False	2.118219	low_signal_confidence	
2026-04-05T06:40:07.031962+00:00	quiet	-0.000000	0.211875	False	2.118219	low_signal_confidence	
2026-04-05T06:40:07.061488+00:00	quiet	-0.000000	0.211875	False	2.118219	low_signal_confidence	
2026-04-05T06:40:07.090789+00:00	quiet	-0.000000	0.211875	False	2.118219	low_signal_confidence	
2026-04-05T06:40:07.120175+00:00	quiet	-0.000000	0.211875	False	2.118219	low_signal_confidence	
2026-04-05T06:40:07.149139+00:00	quiet	-0.000000	0.211875	False	2.118219	low_signal_confidence	
2026-04-05T06:40:07.177616+00:00	quiet	-0.000000	0.211875	False	2.118219	low_signal_confidence	
2026-04-05T06:40:07.206039+00:00	quiet	-0.000000	0.211875	False	2.118219	low_signal_confidence	
2026-04-05T06:40:07.235148+00:00	quiet	-0.000000	0.211875	False	2.118219	low_signal_confidence	
2026-04-05T06:40:07.263571+00:00	quiet	-0.000000	0.211875	False	2.118219	low_signal_confidence	
2026-04-05T06:40:07.292203+00:00	quiet	-0.000000	0.211875	False	2.118219	low_signal_confidence	
2026-04-05T06:40:07.320594+00:00	quiet	-0.000000	0.211875	False	2.118219	low_signal_confidence	
2026-04-05T06:40:07.349084+00:00	quiet	-0.000000	0.211875	False	2.118219	low_signal_confidence	
2026-04-05T06:40:07.378728+00:00	quiet	-0.000000	0.211875	False	2.118219	low_signal_confidence	
2026-04-05T06:40:07.408611+00:00	quiet	-0.000000	0.211875	False	2.118219	low_signal_confidence	
2026-04-05T06:40:07.437802+00:00	quiet	-0.000000	0.211875	False	2.118219	low_signal_confidence	
2026-04-05T06:40:07.466742+00:00	quiet	-0.000000	0.211875	False	2.118219	low_signal_confidence	
2026-04-05T06:40:07.496783+00:00	quiet	-0.000000	0.211875	False	2.118219	low_signal_confidence	
2026-04-05T06:40:07.525385+00:00	quiet	-0.000000	0.211875	False	2.118219	low_signal_confidence	
2026-04-05T06:40:07.555200+00:00	quiet	-0.000000	0.211875	False	2.118219	low_signal_confidence	
2026-04-05T06:40:07.651788+00:00	quiet	-0.000000	0.211875	False	2.118219	low_signal_confidence	
2026-04-05T06:40:07.680863+00:00	quiet	-0.000000	0.211875	False	2.118219	low_signal_confidence	
2026-04-05T06:40:07.709883+00:00	quiet	-0.000000	0.211875	False	2.118219	low_signal_confidence	
2026-04-05T06:40:07.738465+00:00	quiet	-0.000000	0.211875	False	2.118219	low_signal_confidence	
2026-04-05T06:40:07.767148+00:00	quiet	-0.000000	0.211875	False	2.118219	low_signal_confidence	
2026-04-05T06:40:07.796335+00:00	quiet	-0.000000	0.211875	False	2.118219	low_signal_confidence	
2026-04-05T06:40:07.824378+00:00	quiet	-0.000000	0.211875	False	2.118219	low_signal_confidence	
2026-04-05T06:40:07.852301+00:00	quiet	-0.000000	0.211875	False	2.118219	low_signal_confidence	
2026-04-05T06:40:07.881274+00:00	quiet	-0.000000	0.211875	False	2.118219	low_signal_confidence	
2026-04-05T06:40:07.908788+00:00	quiet	-0.000000	0.211875	False	2.118219	low_signal_confidence	
2026-04-05T06:40:07.938980+00:00	quiet	-0.000000	0.211875	False	2.118219	low_signal_confidence	
2026-04-05T06:40:07.968515+00:00	quiet	-0.000000	0.211875	False	2.118219	low_signal_confidence	
2026-04-05T06:40:07.996556+00:00	quiet	-0.000000	0.211875	False	2.118219	low_signal_confidence	
2026-04-05T06:40:08.025642+00:00	quiet	-0.000000	0.211875	False	2.118219	low_signal_confidence	
2026-04-05T06:40:08.055222+00:00	quiet	-0.000000	0.211875	False	2.118219	low_signal_confidence	
2026-04-05T06:40:08.085200+00:00	quiet	-0.000000	0.211875	False	2.118219	low_signal_confidence	
2026-04-05T06:40:08.113008+00:00	quiet	-0.000000	0.211875	False	2.118219	low_signal_confidence	
2026-04-05T06:40:08.142042+00:00	quiet	-0.000000	0.211875	False	2.118219	low_signal_confidence	
2026-04-05T06:40:08.170155+00:00	quiet	-0.000000	0.211875	False	2.118219	low_signal_confidence	
2026-04-05T06:40:08.199147+00:00	quiet	-0.000000	0.211875	False	2.118219	low_signal_confidence	
2026-04-05T06:40:08.227742+00:00	quiet	-0.000000	0.211875	False	2.118219	low_signal_confidence	
2026-04-05T06:40:08.257780+00:00	quiet	-0.000000	0.211875	False	2.118219	low_signal_confidence	
2026-04-05T06:40:08.286674+00:00	quiet	-0.000000	0.211875	False	2.118219	low_signal_confidence	
2026-04-05T06:40:08.315438+00:00	quiet	-0.000000	0.211875	False	2.118219	low_signal_confidence	
2026-04-05T06:40:08.344618+00:00	quiet	-0.000000	0.211875	False	2.118219	low_signal_confidence	
2026-04-05T06:40:08.373114+00:00	quiet	-0.000000	0.211875	False	2.118219	low_signal_confidence	
2026-04-05T06:40:08.400736+00:00	quiet	-0.000000	0.211875	False	2.118219	low_signal_confidence	
2026-04-05T06:40:08.428345+00:00	quiet	-0.000000	0.211875	False	2.118219	low_signal_confidence	
2026-04-05T06:40:08.457313+00:00	quiet	-0.000000	0.211875	False	2.118219	low_signal_confidence	
2026-04-05T06:40:08.486051+00:00	quiet	-0.000000	0.211875	False	2.118219	low_signal_confidence	
2026-04-05T06:40:08.514558+00:00	quiet	-0.000000	0.211875	False	2.118219	low_signal_confidence	
2026-04-05T06:40:08.543021+00:00	quiet	-0.000000	0.211875	False	2.118219	low_signal_confidence	
2026-04-05T06:40:08.571247+00:00	quiet	-0.000000	0.211875	False	2.118219	low_signal_confidence	
2026-04-05T06:40:08.600147+00:00	quiet	-0.000000	0.211875	False	2.118219	low_signal_confidence	
2026-04-05T06:40:08.629451+00:00	quiet	-0.000000	0.211875	False	2.118219	low_signal_confidence	
2026-04-05T06:40:08.657775+00:00	quiet	-0.000000	0.211875	False	2.118219	low_signal_confidence	
2026-04-05T06:40:08.687084+00:00	quiet	-0.000000	0.211875	False	2.118219	low_signal_confidence	
2026-04-05T06:40:08.716111+00:00	quiet	-0.000000	0.211875	False	2.118219	low_signal_confidence	
2026-04-05T06:40:08.744721+00:00	quiet	-0.000000	0.211875	False	2.118219	low_signal_confidence	
2026-04-05T06:40:08.773500+00:00	quiet	-0.000000	0.211875	False	2.118219	low_signal_confidence	
2026-04-05T06:40:08.803094+00:00	quiet	-0.000000	0.211875	False	2.118219	low_signal_confidence	
2026-04-05T06:40:08.832272+00:00	quiet	-0.000000	0.211875	False	2.118219	low_signal_confidence	
2026-04-05T06:40:08.861178+00:00	quiet	-0.000000	0.211875	False	2.118219	low_signal_confidence	
2026-04-05T06:40:08.890324+00:00	quiet	-0.000000	0.211875	False	2.118219	low_signal_confidence	
2026-04-05T06:40:08.919665+00:00	quiet	-0.000000	0.211875	False	2.118219	low_signal_confidence	
2026-04-05T06:40:08.948548+00:00	quiet	-0.000000	0.211875	False	2.118219	low_signal_confidence	
2026-04-05T06:40:08.979143+00:00	quiet	-0.000000	0.211875	False	2.118219	low_signal_confidence	
2026-04-05T06:40:09.007211+00:00	quiet	-0.000000	0.211875	False	2.118219	low_signal_confidence	
2026-04-05T06:40:09.036709+00:00	quiet	-0.000000	0.211875	False	2.118219	low_signal_confidence	
2026-04-05T06:40:09.065344+00:00	quiet	-0.000000	0.211875	False	2.118219	low_signal_confidence	
2026-04-05T06:40:09.094054+00:00	quiet	-0.000000	0.211875	False	2.118219	low_signal_confidence	
2026-04-05T06:40:09.123400+00:00	quiet	-0.000000	0.211875	False	2.118219	low_signal_confidence	
2026-04-05T06:40:09.151605+00:00	quiet	-0.000000	0.211875	False	2.118219	low_signal_confidence	
2026-04-05T06:40:09.180215+00:00	quiet	-0.000000	0.211875	False	2.118219	low_signal_confidence	
2026-04-05T06:40:09.208608+00:00	quiet	-0.000000	0.211875	False	2.118219	low_signal_confidence	
2026-04-05T06:40:09.237651+00:00	quiet	-0.000000	0.211875	False	2.118219	low_signal_confidence	
2026-04-05T06:40:09.267377+00:00	quiet	-0.000000	0.211875	False	2.118219	low_signal_confidence	
2026-04-05T06:40:09.295429+00:00	quiet	-0.000000	0.211875	False	2.118219	low_signal_confidence	
2026-04-05T06:40:09.324243+00:00	quiet	-0.000000	0.211875	False	2.118219	low_signal_confidence	
2026-04-05T06:40:09.352768+00:00	quiet	-0.000000	0.211875	False	2.118219	low_signal_confidence	
2026-04-05T06:40:09.380502+00:00	quiet	-0.000000	0.211875	False	2.118219	low_signal_confidence	
2026-04-05T06:40:09.409764+00:00	quiet	-0.000000	0.211875	False	2.118219	low_signal_confidence	
2026-04-05T06:40:09.439005+00:00	quiet	-0.000000	0.211875	False	2.118219	low_signal_confidence	
2026-04-05T06:40:09.467995+00:00	quiet	-0.000000	0.211875	False	2.118219	low_signal_confidence	
2026-04-05T06:40:09.495717+00:00	quiet	-0.000000	0.211875	False	2.118219	low_signal_confidence	
2026-04-05T06:40:09.524698+00:00	quiet	-0.000000	0.211875	False	2.118219	low_signal_confidence	
2026-04-05T06:40:09.553891+00:00	quiet	-0.000000	0.211875	False	2.118219	low_signal_confidence	
2026-04-05T06:40:09.581568+00:00	quiet	-0.000000	0.211875	False	2.118219	low_signal_confidence	
2026-04-05T06:40:09.682695+00:00	quiet	-0.000000	0.211875	False	2.118219	low_signal_confidence	
2026-04-05T06:40:09.711594+00:00	quiet	-0.000000	0.211875	False	2.118219	low_signal_confidence	
2026-04-05T06:40:09.740955+00:00	quiet	-0.000000	0.211875	False	2.118219	low_signal_confidence	
2026-04-05T06:40:09.769056+00:00	quiet	-0.000000	0.211875	False	2.118219	low_signal_confidence	
2026-04-05T06:40:09.797775+00:00	quiet	-0.000000	0.211875	False	2.118219	low_signal_confidence	
2026-04-05T06:40:09.827173+00:00	quiet	-0.000000	0.211875	False	2.118219	low_signal_confidence	
2026-04-05T06:40:09.855794+00:00	quiet	-0.000000	0.211875	False	2.118219	low_signal_confidence	
2026-04-05T06:40:09.883990+00:00	quiet	-0.000000	0.211875	False	2.118219	low_signal_confidence	
2026-04-05T06:40:09.911329+00:00	quiet	-0.000000	0.211875	False	2.118219	low_signal_confidence	
2026-04-05T06:40:09.940702+00:00	quiet	-0.000000	0.211875	False	2.118219	low_signal_confidence	
2026-04-05T06:40:09.967975+00:00	quiet	-0.000000	0.211875	False	2.118219	low_signal_confidence	
2026-04-05T06:40:09.996940+00:00	quiet	-0.000000	0.211875	False	2.118219	low_signal_confidence	
2026-04-05T06:40:10.025304+00:00	quiet	-0.000000	0.211875	False	2.118219	low_signal_confidence	
2026-04-05T06:40:10.054605+00:00	quiet	-0.000000	0.211875	False	2.118219	low_signal_confidence	
2026-04-05T06:40:10.083921+00:00	quiet	-0.000000	0.211875	False	2.118219	low_signal_confidence	
2026-04-05T06:40:10.112403+00:00	quiet	-0.000000	0.211875	False	2.118219	low_signal_confidence	
2026-04-05T06:40:10.140106+00:00	quiet	-0.000000	0.211875	False	2.118219	low_signal_confidence	
2026-04-05T06:40:10.168710+00:00	quiet	-0.000000	0.211875	False	2.118219	low_signal_confidence	
2026-04-05T06:40:10.197586+00:00	quiet	-0.000000	0.211875	False	2.118219	low_signal_confidence	
2026-04-05T06:40:10.225754+00:00	quiet	-0.000000	0.211875	False	2.118219	low_signal_confidence	
2026-04-05T06:40:10.254014+00:00	quiet	-0.000000	0.211875	False	2.118219	low_signal_confidence	
2026-04-05T06:40:10.283478+00:00	quiet	-0.000000	0.211875	False	2.118219	low_signal_confidence	
2026-04-05T06:40:10.382759+00:00	quiet	-0.000000	0.211875	False	2.118219	low_signal_confidence	
2026-04-05T06:40:10.420274+00:00	quiet	-0.000000	0.211875	False	2.118219	low_signal_confidence	
2026-04-05T06:40:10.453919+00:00	quiet	-0.000000	0.211875	False	2.118219	low_signal_confidence	
2026-04-05T06:40:10.481725+00:00	quiet	-0.000000	0.211875	False	2.118219	low_signal_confidence	
2026-04-05T06:40:10.510679+00:00	quiet	-0.000000	0.211875	False	2.118219	low_signal_confidence	
2026-04-05T06:40:10.537729+00:00	quiet	-0.000000	0.211875	False	2.118219	low_signal_confidence	
2026-04-05T06:40:10.568388+00:00	quiet	-0.000000	0.211875	False	2.118219	low_signal_confidence	
2026-04-05T06:40:10.597380+00:00	quiet	-0.000000	0.211875	False	2.118219	low_signal_confidence	
2026-04-05T06:40:10.624529+00:00	quiet	-0.000000	0.211875	False	2.118219	low_signal_confidence	
2026-04-05T06:40:10.653399+00:00	quiet	-0.000000	0.211875	False	2.118219	low_signal_confidence	
2026-04-05T06:40:10.682005+00:00	quiet	-0.000000	0.211875	False	2.118219	low_signal_confidence	
2026-04-05T06:40:10.710845+00:00	quiet	-0.000000	0.211875	False	2.118219	low_signal_confidence	
2026-04-05T06:40:10.738832+00:00	quiet	-0.000000	0.211875	False	2.118219	low_signal_confidence	
2026-04-05T06:40:10.768590+00:00	quiet	-0.000000	0.211875	False	2.118219	low_signal_confidence	
2026-04-05T06:40:10.798280+00:00	quiet	-0.000000	0.211875	False	2.118219	low_signal_confidence	
2026-04-05T06:40:10.827063+00:00	quiet	-0.000000	0.211875	False	2.118219	low_signal_confidence	
2026-04-05T06:40:10.856258+00:00	quiet	-0.000000	0.211875	False	2.118219	low_signal_confidence	
2026-04-05T06:40:10.884460+00:00	quiet	-0.000000	0.211875	False	2.118219	low_signal_confidence	
2026-04-05T06:40:10.912813+00:00	quiet	-0.000000	0.211875	False	2.118219	low_signal_confidence	
2026-04-05T06:40:10.940675+00:00	quiet	-0.000000	0.211875	False	2.118219	low_signal_confidence	
2026-04-05T06:40:10.969383+00:00	quiet	-0.000000	0.211875	False	2.118219	low_signal_confidence	
2026-04-05T06:40:10.999298+00:00	quiet	-0.000000	0.211875	False	2.118219	low_signal_confidence	
2026-04-05T06:40:11.028597+00:00	quiet	-0.000000	0.211875	False	2.118219	low_signal_confidence	
2026-04-05T06:40:11.057691+00:00	quiet	-0.000000	0.211875	False	2.118219	low_signal_confidence	
2026-04-05T06:40:11.085971+00:00	quiet	-0.000000	0.211875	False	2.118219	low_signal_confidence	
2026-04-05T06:40:11.114286+00:00	quiet	-0.000000	0.211875	False	2.118219	low_signal_confidence	
2026-04-05T06:40:11.143585+00:00	quiet	-0.000000	0.211875	False	2.118219	low_signal_confidence	
2026-04-05T06:40:11.171250+00:00	quiet	-0.000000	0.211875	False	2.118219	low_signal_confidence	
2026-04-05T06:40:11.200320+00:00	quiet	-0.000000	0.211875	False	2.118219	low_signal_confidence	
2026-04-05T06:40:11.229410+00:00	quiet	-0.000000	0.211875	False	2.118219	low_signal_confidence	
2026-04-05T06:40:11.258736+00:00	quiet	-0.000000	0.211875	False	2.118219	low_signal_confidence	
2026-04-05T06:40:11.287744+00:00	quiet	-0.000000	0.211875	False	2.118219	low_signal_confidence	
2026-04-05T06:40:11.317308+00:00	quiet	-0.000000	0.211875	False	2.118219	low_signal_confidence	
2026-04-05T06:40:11.346141+00:00	quiet	-0.000000	0.211875	False	2.118219	low_signal_confidence	
2026-04-05T06:40:11.374924+00:00	quiet	-0.000000	0.211875	False	2.118219	low_signal_confidence	
2026-04-05T06:40:11.404403+00:00	quiet	-0.000000	0.211875	False	2.118219	low_signal_confidence	
2026-04-05T06:40:11.432892+00:00	quiet	-0.000000	0.211875	False	2.118219	low_signal_confidence	
2026-04-05T06:40:11.461676+00:00	quiet	-0.000000	0.211875	False	2.118219	low_signal_confidence	
2026-04-05T06:40:11.490653+00:00	quiet	-0.000000	0.211875	False	2.118219	low_signal_confidence	
2026-04-05T06:40:11.519188+00:00	quiet	-0.000000	0.211875	False	2.118219	low_signal_confidence	
2026-04-05T06:40:11.547213+00:00	quiet	-0.000000	0.211875	False	2.118219	low_signal_confidence	
2026-04-05T06:40:11.576186+00:00	quiet	-0.000000	0.211875	False	2.118219	low_signal_confidence	
2026-04-05T06:40:11.711190+00:00	quiet	-0.000000	0.211875	False	2.118219	low_signal_confidence	
2026-04-05T06:40:11.740115+00:00	quiet	-0.000000	0.211875	False	2.118219	low_signal_confidence	
2026-04-05T06:40:11.768667+00:00	quiet	-0.000000	0.211875	False	2.118219	low_signal_confidence	
2026-04-05T06:40:11.797191+00:00	quiet	-0.000000	0.211875	False	2.118219	low_signal_confidence	
2026-04-05T06:40:11.826162+00:00	quiet	-0.000000	0.211875	False	2.118219	low_signal_confidence	
2026-04-05T06:40:11.854613+00:00	quiet	-0.000000	0.211875	False	2.118219	low_signal_confidence	
2026-04-05T06:40:11.883120+00:00	quiet	-0.000000	0.211875	False	2.118219	low_signal_confidence	
2026-04-05T06:40:11.912090+00:00	quiet	-0.000000	0.211875	False	2.118219	low_signal_confidence	
2026-04-05T06:40:11.940234+00:00	quiet	-0.000000	0.211875	False	2.118219	low_signal_confidence	
2026-04-05T06:40:11.968388+00:00	quiet	-0.000000	0.211875	False	2.118219	low_signal_confidence	
2026-04-05T06:40:11.996437+00:00	quiet	-0.000000	0.211875	False	2.118219	low_signal_confidence	
2026-04-05T06:40:12.025236+00:00	quiet	-0.000000	0.211875	False	2.118219	low_signal_confidence	
2026-04-05T06:40:12.053356+00:00	quiet	-0.000000	0.211875	False	2.118219	low_signal_confidence	
2026-04-05T06:40:12.081269+00:00	quiet	-0.000000	0.211875	False	2.118219	low_signal_confidence	
2026-04-05T06:40:12.109732+00:00	quiet	-0.000000	0.211875	False	2.118219	low_signal_confidence	
2026-04-05T06:40:12.137891+00:00	quiet	-0.000000	0.211875	False	2.118219	low_signal_confidence	
2026-04-05T06:40:12.165959+00:00	quiet	-0.000000	0.211875	False	2.118219	low_signal_confidence	
2026-04-05T06:40:12.194728+00:00	quiet	-0.000000	0.211875	False	2.118219	low_signal_confidence	
2026-04-05T06:40:12.222481+00:00	quiet	-0.000000	0.211875	False	2.118219	low_signal_confidence	
2026-04-05T06:40:12.250677+00:00	quiet	-0.000000	0.211875	False	2.118219	low_signal_confidence	
2026-04-05T06:40:12.280440+00:00	quiet	-0.000000	0.211875	False	2.118219	low_signal_confidence	
2026-04-05T06:40:12.309901+00:00	quiet	-0.000000	0.211875	False	2.118219	low_signal_confidence	
2026-04-05T06:40:12.338907+00:00	quiet	-0.000000	0.211875	False	2.118219	low_signal_confidence	
2026-04-05T06:40:12.367305+00:00	quiet	-0.000000	0.211875	False	2.118219	low_signal_confidence	
2026-04-05T06:40:12.394966+00:00	quiet	-0.000000	0.211875	False	2.118219	low_signal_confidence	
2026-04-05T06:40:12.423685+00:00	quiet	-0.000000	0.211875	False	2.118219	low_signal_confidence	
2026-04-05T06:40:12.452268+00:00	quiet	-0.000000	0.211875	False	2.118219	low_signal_confidence	
2026-04-05T06:40:12.481010+00:00	quiet	-0.000000	0.211875	False	2.118219	low_signal_confidence	
2026-04-05T06:40:12.509768+00:00	quiet	-0.000000	0.211875	False	2.118219	low_signal_confidence	
2026-04-05T06:40:12.537932+00:00	quiet	-0.000000	0.211875	False	2.118219	low_signal_confidence	
2026-04-05T06:40:12.567021+00:00	quiet	-0.000000	0.211875	False	2.118219	low_signal_confidence	
2026-04-05T06:40:12.596551+00:00	quiet	-0.000000	0.211875	False	2.118219	low_signal_confidence	
2026-04-05T06:40:12.624153+00:00	quiet	-0.000000	0.211875	False	2.118219	low_signal_confidence	
2026-04-05T06:40:12.652173+00:00	quiet	-0.000000	0.211875	False	2.118219	low_signal_confidence	
2026-04-05T06:40:12.681297+00:00	quiet	-0.000000	0.211875	False	2.118219	low_signal_confidence	
2026-04-05T06:40:12.709040+00:00	quiet	-0.000000	0.211875	False	2.118219	low_signal_confidence	
2026-04-05T06:40:12.738600+00:00	quiet	-0.000000	0.211875	False	2.118219	low_signal_confidence	
2026-04-05T06:40:12.768690+00:00	quiet	-0.000000	0.211875	False	2.118219	low_signal_confidence	
2026-04-05T06:40:12.797151+00:00	quiet	-0.000000	0.211875	False	2.118219	low_signal_confidence	
2026-04-05T06:40:12.827092+00:00	quiet	-0.000000	0.211875	False	2.118219	low_signal_confidence	
2026-04-05T06:40:12.856500+00:00	quiet	-0.000000	0.211875	False	2.118219	low_signal_confidence	
2026-04-05T06:40:12.883986+00:00	quiet	-0.000000	0.211875	False	2.118219	low_signal_confidence	
2026-04-05T06:40:12.912778+00:00	quiet	-0.000000	0.211875	False	2.118219	low_signal_confidence	
2026-04-05T06:40:12.941340+00:00	quiet	-0.000000	0.211875	False	2.118219	low_signal_confidence	
2026-04-05T06:40:12.969618+00:00	quiet	-0.000000	0.211875	False	2.118219	low_signal_confidence	
2026-04-05T06:40:12.998797+00:00	quiet	-0.000000	0.211875	False	2.118219	low_signal_confidence	
2026-04-05T06:40:13.027490+00:00	quiet	-0.000000	0.211875	False	2.118219	low_signal_confidence	
2026-04-05T06:40:13.055600+00:00	quiet	-0.000000	0.211875	False	2.118219	low_signal_confidence	
2026-04-05T06:40:13.084476+00:00	quiet	-0.000000	0.211875	False	2.118219	low_signal_confidence	
2026-04-05T06:40:13.112420+00:00	quiet	-0.000000	0.211875	False	2.118219	low_signal_confidence	
2026-04-05T06:40:13.141380+00:00	quiet	-0.000000	0.211875	False	2.118219	low_signal_confidence	
2026-04-05T06:40:13.169827+00:00	quiet	-0.000000	0.211875	False	2.118219	low_signal_confidence	
2026-04-05T06:40:13.199435+00:00	quiet	-0.000000	0.211875	False	2.118219	low_signal_confidence	
2026-04-05T06:40:13.226990+00:00	quiet	-0.000000	0.211875	False	2.118219	low_signal_confidence	
2026-04-05T06:40:13.255977+00:00	quiet	-0.000000	0.211875	False	2.118219	low_signal_confidence	
2026-04-05T06:40:13.284683+00:00	quiet	-0.000000	0.211875	False	2.118219	low_signal_confidence	
2026-04-05T06:40:13.313801+00:00	quiet	-0.000000	0.211875	False	2.118219	low_signal_confidence	
2026-04-05T06:40:13.341490+00:00	quiet	-0.000000	0.211875	False	2.118219	low_signal_confidence	
2026-04-05T06:40:13.371268+00:00	quiet	-0.000000	0.211875	False	2.118219	low_signal_confidence	
2026-04-05T06:40:13.400062+00:00	quiet	-0.000000	0.211875	False	2.118219	low_signal_confidence	
2026-04-05T06:40:13.428355+00:00	quiet	-0.000000	0.211875	False	2.118219	low_signal_confidence	
2026-04-05T06:40:13.457071+00:00	quiet	-0.000000	0.211875	False	2.118219	low_signal_confidence	
2026-04-05T06:40:13.486668+00:00	quiet	-0.000000	0.211875	False	2.118219	low_signal_confidence	
2026-04-05T06:40:13.515283+00:00	quiet	-0.000000	0.211875	False	2.118219	low_signal_confidence	
2026-04-05T06:40:13.543129+00:00	quiet	-0.000000	0.211875	False	2.118219	low_signal_confidence	
2026-04-05T06:40:13.571206+00:00	quiet	-0.000000	0.211875	False	2.118219	low_signal_confidence	
2026-04-05T06:40:13.601257+00:00	quiet	-0.000000	0.211875	False	2.118219	low_signal_confidence	
2026-04-05T06:40:13.696208+00:00	quiet	-0.000000	0.211875	False	2.118219	low_signal_confidence	
2026-04-05T06:40:13.724986+00:00	quiet	-0.000000	0.211875	False	2.118219	low_signal_confidence	
2026-04-05T06:40:13.752773+00:00	quiet	-0.000000	0.211875	False	2.118219	low_signal_confidence	
2026-04-05T06:40:13.781294+00:00	quiet	-0.000000	0.211875	False	2.118219	low_signal_confidence	
2026-04-05T06:40:13.809079+00:00	quiet	-0.000000	0.211875	False	2.118219	low_signal_confidence	
2026-04-05T06:40:13.837210+00:00	quiet	-0.000000	0.211875	False	2.118219	low_signal_confidence	
2026-04-05T06:40:13.865832+00:00	quiet	-0.000000	0.211875	False	2.118219	low_signal_confidence	
2026-04-05T06:40:13.893753+00:00	quiet	-0.000000	0.211875	False	2.118219	low_signal_confidence	
2026-04-05T06:40:13.921262+00:00	quiet	-0.000000	0.211875	False	2.118219	low_signal_confidence	
2026-04-05T06:40:13.950092+00:00	quiet	-0.000000	0.211875	False	2.118219	low_signal_confidence	
2026-04-05T06:40:13.979305+00:00	quiet	-0.000000	0.211875	False	2.118219	low_signal_confidence	
2026-04-05T06:40:14.008108+00:00	quiet	-0.000000	0.211875	False	2.118219	low_signal_confidence	
2026-04-05T06:40:14.036644+00:00	quiet	-0.000000	0.211875	False	2.118219	low_signal_confidence	
2026-04-05T06:40:14.065289+00:00	quiet	-0.000000	0.211875	False	2.118219	low_signal_confidence	
2026-04-05T06:40:14.094162+00:00	quiet	-0.000000	0.211875	False	2.118219	low_signal_confidence	
2026-04-05T06:40:14.121769+00:00	quiet	-0.000000	0.211875	False	2.118219	low_signal_confidence	
2026-04-05T06:40:14.150556+00:00	quiet	-0.000000	0.211875	False	2.118219	low_signal_confidence	
2026-04-05T06:40:14.180457+00:00	quiet	-0.000000	0.211875	False	2.118219	low_signal_confidence	
2026-04-05T06:40:14.209186+00:00	quiet	-0.000000	0.211875	False	2.118219	low_signal_confidence	
2026-04-05T06:40:14.237578+00:00	quiet	-0.000000	0.211875	False	2.118219	low_signal_confidence	
2026-04-05T06:40:14.266163+00:00	quiet	-0.000000	0.211875	False	2.118219	low_signal_confidence	
2026-04-05T06:40:14.295002+00:00	quiet	-0.000000	0.211875	False	2.118219	low_signal_confidence	
2026-04-05T06:40:14.322240+00:00	quiet	-0.000000	0.211875	False	2.118219	low_signal_confidence	
2026-04-05T06:40:14.351004+00:00	quiet	-0.000000	0.211875	False	2.118219	low_signal_confidence	
2026-04-05T06:40:14.379803+00:00	quiet	-0.000000	0.211875	False	2.118219	low_signal_confidence	
2026-04-05T06:40:14.408352+00:00	quiet	-0.000000	0.211875	False	2.118219	low_signal_confidence	
2026-04-05T06:40:14.438167+00:00	quiet	-0.000000	0.211875	False	2.118219	low_signal_confidence	
2026-04-05T06:40:14.466223+00:00	quiet	-0.000000	0.211875	False	2.118219	low_signal_confidence	
2026-04-05T06:40:14.493716+00:00	quiet	-0.000000	0.211875	False	2.118219	low_signal_confidence	
2026-04-05T06:40:14.523434+00:00	quiet	-0.000000	0.211875	False	2.118219	low_signal_confidence	
2026-04-05T06:40:14.551500+00:00	quiet	-0.000000	0.211875	False	2.118219	low_signal_confidence	
2026-04-05T06:40:14.580116+00:00	quiet	-0.000000	0.211875	False	2.118219	low_signal_confidence	
2026-04-05T06:40:14.608291+00:00	quiet	-0.000000	0.211875	False	2.118219	low_signal_confidence	
2026-04-05T06:40:14.636911+00:00	quiet	-0.000000	0.211875	False	2.118219	low_signal_confidence	
2026-04-05T06:40:14.665808+00:00	quiet	-0.000000	0.211875	False	2.118219	low_signal_confidence	
2026-04-05T06:40:14.694297+00:00	quiet	-0.000000	0.211875	False	2.118219	low_signal_confidence	
2026-04-05T06:40:14.722277+00:00	quiet	-0.000000	0.211875	False	2.118219	low_signal_confidence	
2026-04-05T06:40:14.750360+00:00	quiet	-0.000000	0.211875	False	2.118219	low_signal_confidence	
2026-04-05T06:40:14.779689+00:00	quiet	-0.000000	0.211875	False	2.118219	low_signal_confidence	
2026-04-05T06:40:14.808704+00:00	quiet	-0.000000	0.211875	False	2.118219	low_signal_confidence	
2026-04-05T06:40:14.836670+00:00	quiet	-0.000000	0.211875	False	2.118219	low_signal_confidence	
2026-04-05T06:40:14.865670+00:00	quiet	-0.000000	0.211875	False	2.118219	low_signal_confidence	
2026-04-05T06:40:14.893692+00:00	quiet	-0.000000	0.211875	False	2.118219	low_signal_confidence	
2026-04-05T06:40:14.923336+00:00	quiet	-0.000000	0.211875	False	2.118219	low_signal_confidence	
2026-04-05T06:40:14.951472+00:00	quiet	-0.000000	0.211875	False	2.118219	low_signal_confidence	
2026-04-05T06:40:14.980978+00:00	quiet	-0.000000	0.211875	False	2.118219	low_signal_confidence	
2026-04-05T06:40:15.009596+00:00	quiet	-0.000000	0.211875	False	2.118219	low_signal_confidence	
2026-04-05T06:40:15.038652+00:00	quiet	-0.000000	0.211875	False	2.118219	low_signal_confidence	
2026-04-05T06:40:15.066778+00:00	quiet	-0.000000	0.211875	False	2.118219	low_signal_confidence	
2026-04-05T06:40:15.096599+00:00	quiet	-0.000000	0.211875	False	2.118219	low_signal_confidence	
2026-04-05T06:40:15.124941+00:00	quiet	-0.000000	0.211875	False	2.118219	low_signal_confidence	
2026-04-05T06:40:15.153732+00:00	quiet	-0.000000	0.211875	False	2.118219	low_signal_confidence	
2026-04-05T06:40:15.181252+00:00	quiet	-0.000000	0.211875	False	2.118219	low_signal_confidence	
2026-04-05T06:40:15.210004+00:00	quiet	-0.000000	0.211875	False	2.118219	low_signal_confidence	
2026-04-05T06:40:15.239177+00:00	quiet	-0.000000	0.211875	False	2.118219	low_signal_confidence	
2026-04-05T06:40:15.267422+00:00	quiet	-0.000000	0.211875	False	2.118219	low_signal_confidence	
2026-04-05T06:40:15.295476+00:00	quiet	-0.000000	0.211875	False	2.118219	low_signal_confidence	
2026-04-05T06:40:15.323595+00:00	quiet	-0.000000	0.211875	False	2.118219	low_signal_confidence	
2026-04-05T06:40:15.352149+00:00	quiet	-0.000000	0.211875	False	2.118219	low_signal_confidence	
2026-04-05T06:40:15.381107+00:00	quiet	-0.000000	0.211875	False	2.118219	low_signal_confidence	
2026-04-05T06:40:15.410831+00:00	quiet	-0.000000	0.211875	False	2.118219	low_signal_confidence	
2026-04-05T06:40:15.439759+00:00	quiet	-0.000000	0.211875	False	2.118219	low_signal_confidence	
2026-04-05T06:40:15.469894+00:00	quiet	-0.000000	0.211875	False	2.118219	low_signal_confidence	
2026-04-05T06:40:15.497876+00:00	quiet	-0.000000	0.211875	False	2.118219	low_signal_confidence	
2026-04-05T06:40:15.527222+00:00	quiet	-0.000000	0.211875	False	2.118219	low_signal_confidence	
2026-04-05T06:40:15.557303+00:00	quiet	-0.000000	0.211875	False	2.118219	low_signal_confidence	
2026-04-05T06:40:15.594203+00:00	quiet	-0.000000	0.211875	False	2.118219	low_signal_confidence	
2026-04-05T06:40:15.624421+00:00	quiet	-0.000000	0.211875	False	2.118219	low_signal_confidence	
2026-04-05T06:40:15.718637+00:00	quiet	-0.000000	0.211875	False	2.118219	low_signal_confidence	
2026-04-05T06:40:15.747518+00:00	quiet	-0.000000	0.211875	False	2.118219	low_signal_confidence	
2026-04-05T06:40:15.775285+00:00	quiet	-0.000000	0.211875	False	2.118219	low_signal_confidence	
2026-04-05T06:40:15.803680+00:00	quiet	-0.000000	0.211875	False	2.118219	low_signal_confidence	
2026-04-05T06:40:15.831820+00:00	quiet	-0.000000	0.211875	False	2.118219	low_signal_confidence	
2026-04-05T06:40:15.860043+00:00	quiet	-0.000000	0.211875	False	2.118219	low_signal_confidence	
2026-04-05T06:40:15.888164+00:00	quiet	-0.000000	0.211875	False	2.118219	low_signal_confidence	
2026-04-05T06:40:15.916570+00:00	quiet	-0.000000	0.211875	False	2.118219	low_signal_confidence	
2026-04-05T06:40:15.946287+00:00	quiet	-0.000000	0.211875	False	2.118219	low_signal_confidence	
2026-04-05T06:40:15.976130+00:00	quiet	-0.000000	0.211875	False	2.118219	low_signal_confidence	
2026-04-05T06:40:16.005291+00:00	quiet	-0.000000	0.211875	False	2.118219	low_signal_confidence	
2026-04-05T06:40:16.034204+00:00	quiet	-0.000000	0.211875	False	2.118219	low_signal_confidence	
2026-04-05T06:40:16.062923+00:00	quiet	-0.000000	0.211875	False	2.118219	low_signal_confidence	
2026-04-05T06:40:16.091135+00:00	quiet	-0.000000	0.211875	False	2.118219	low_signal_confidence	
2026-04-05T06:40:16.119984+00:00	quiet	-0.000000	0.211875	False	2.118219	low_signal_confidence	
2026-04-05T06:40:16.148513+00:00	quiet	-0.000000	0.211875	False	2.118219	low_signal_confidence	
2026-04-05T06:40:16.177689+00:00	quiet	-0.000000	0.211875	False	2.118219	low_signal_confidence	
2026-04-05T06:40:16.206156+00:00	quiet	-0.000000	0.211875	False	2.118219	low_signal_confidence	
2026-04-05T06:40:16.234727+00:00	quiet	-0.000000	0.211875	False	2.118219	low_signal_confidence	
2026-04-05T06:40:16.262427+00:00	quiet	-0.000000	0.211875	False	2.118219	low_signal_confidence	
2026-04-05T06:40:16.291344+00:00	quiet	-0.000000	0.211875	False	2.118219	low_signal_confidence	
2026-04-05T06:40:16.318980+00:00	quiet	-0.000000	0.211875	False	2.118219	low_signal_confidence	
2026-04-05T06:40:16.348646+00:00	quiet	-0.000000	0.211875	False	2.118219	low_signal_confidence	
2026-04-05T06:40:16.376482+00:00	quiet	-0.000000	0.211875	False	2.118219	low_signal_confidence	
2026-04-05T06:40:16.405049+00:00	quiet	-0.000000	0.211875	False	2.118219	low_signal_confidence	
2026-04-05T06:40:16.433251+00:00	quiet	-0.000000	0.211875	False	2.118219	low_signal_confidence	
2026-04-05T06:40:16.461390+00:00	quiet	-0.000000	0.211875	False	2.118219	low_signal_confidence	
2026-04-05T06:40:16.489159+00:00	quiet	-0.000000	0.211875	False	2.118219	low_signal_confidence	
2026-04-05T06:40:16.517623+00:00	quiet	-0.000000	0.211875	False	2.118219	low_signal_confidence	
2026-04-05T06:40:16.547193+00:00	quiet	-0.000000	0.211875	False	2.118219	low_signal_confidence	
2026-04-05T06:40:16.575231+00:00	quiet	-0.000000	0.211875	False	2.118219	low_signal_confidence	
2026-04-05T06:40:16.603339+00:00	quiet	-0.000000	0.211875	False	2.118219	low_signal_confidence	
2026-04-05T06:40:16.631923+00:00	quiet	-0.000000	0.211875	False	2.118219	low_signal_confidence	
2026-04-05T06:40:16.660640+00:00	quiet	-0.000000	0.211875	False	2.118219	low_signal_confidence	
2026-04-05T06:40:16.689428+00:00	quiet	-0.000000	0.211875	False	2.118219	low_signal_confidence	
2026-04-05T06:40:16.717170+00:00	quiet	-0.000000	0.211875	False	2.118219	low_signal_confidence	
2026-04-05T06:40:16.745344+00:00	quiet	-0.000000	0.211875	False	2.118219	low_signal_confidence	
2026-04-05T06:40:16.774434+00:00	quiet	-0.000000	0.211875	False	2.118219	low_signal_confidence	
2026-04-05T06:40:16.802953+00:00	quiet	-0.000000	0.211875	False	2.118219	low_signal_confidence	
2026-04-05T06:40:16.832115+00:00	quiet	-0.000000	0.211875	False	2.118219	low_signal_confidence	
2026-04-05T06:40:16.864237+00:00	quiet	-0.000000	0.211875	False	2.118219	low_signal_confidence	
2026-04-05T06:40:16.893549+00:00	quiet	-0.000000	0.211875	False	2.118219	low_signal_confidence	
2026-04-05T06:40:16.922733+00:00	quiet	-0.000000	0.211875	False	2.118219	low_signal_confidence	
2026-04-05T06:40:16.950069+00:00	quiet	-0.000000	0.211875	False	2.118219	low_signal_confidence	
2026-04-05T06:40:16.978736+00:00	quiet	-0.000000	0.211875	False	2.118219	low_signal_confidence	
2026-04-05T06:40:17.008074+00:00	quiet	-0.000000	0.211875	False	2.118219	low_signal_confidence	
2026-04-05T06:40:17.038296+00:00	quiet	-0.000000	0.211875	False	2.118219	low_signal_confidence	
2026-04-05T06:40:17.067938+00:00	quiet	-0.000000	0.211875	False	2.118219	low_signal_confidence	
2026-04-05T06:40:17.096508+00:00	quiet	-0.000000	0.211875	False	2.118219	low_signal_confidence	
2026-04-05T06:40:17.124463+00:00	quiet	-0.000000	0.211875	False	2.118219	low_signal_confidence	
2026-04-05T06:40:17.153374+00:00	quiet	-0.000000	0.211875	False	2.118219	low_signal_confidence	
2026-04-05T06:40:17.181762+00:00	quiet	-0.000000	0.211875	False	2.118219	low_signal_confidence	
2026-04-05T06:40:17.210349+00:00	quiet	-0.000000	0.211875	False	2.118219	low_signal_confidence	
2026-04-05T06:40:17.239988+00:00	quiet	-0.000000	0.211875	False	2.118219	low_signal_confidence	
2026-04-05T06:40:17.268094+00:00	quiet	-0.000000	0.211875	False	2.118219	low_signal_confidence	
2026-04-05T06:40:17.296805+00:00	quiet	-0.000000	0.211875	False	2.118219	low_signal_confidence	
2026-04-05T06:40:17.325710+00:00	quiet	-0.000000	0.211875	False	2.118219	low_signal_confidence	
2026-04-05T06:40:17.354417+00:00	quiet	-0.000000	0.211875	False	2.118219	low_signal_confidence	
2026-04-05T06:40:17.382641+00:00	quiet	-0.000000	0.211875	False	2.118219	low_signal_confidence	
2026-04-05T06:40:17.412057+00:00	quiet	-0.000000	0.211875	False	2.118219	low_signal_confidence	
2026-04-05T06:40:17.440699+00:00	quiet	-0.000000	0.211875	False	2.118219	low_signal_confidence	
2026-04-05T06:40:17.468920+00:00	quiet	-0.000000	0.211875	False	2.118219	low_signal_confidence	
2026-04-05T06:40:17.498333+00:00	quiet	-0.000000	0.211875	False	2.118219	low_signal_confidence	
2026-04-05T06:40:17.528066+00:00	quiet	-0.000000	0.211875	False	2.118219	low_signal_confidence	
2026-04-05T06:40:17.556549+00:00	quiet	-0.000000	0.211875	False	2.118219	low_signal_confidence	
2026-04-05T06:40:17.584071+00:00	quiet	-0.000000	0.211875	False	2.118219	low_signal_confidence	
2026-04-05T06:40:17.612981+00:00	quiet	-0.000000	0.211875	False	2.118219	low_signal_confidence	
2026-04-05T06:40:17.641774+00:00	quiet	-0.000000	0.211875	False	2.118219	low_signal_confidence	
2026-04-05T06:40:17.742181+00:00	quiet	-0.000000	0.211875	False	2.118219	low_signal_confidence	
2026-04-05T06:40:17.771226+00:00	quiet	-0.000000	0.211875	False	2.118219	low_signal_confidence	
2026-04-05T06:40:17.798517+00:00	quiet	-0.000000	0.211875	False	2.118219	low_signal_confidence	
2026-04-05T06:40:17.826665+00:00	quiet	-0.000000	0.211875	False	2.118219	low_signal_confidence	
2026-04-05T06:40:17.855047+00:00	quiet	-0.000000	0.211875	False	2.118219	low_signal_confidence	
2026-04-05T06:40:17.883260+00:00	quiet	-0.000000	0.211875	False	2.118219	low_signal_confidence	
2026-04-05T06:40:17.911457+00:00	quiet	-0.000000	0.211875	False	2.118219	low_signal_confidence	
2026-04-05T06:40:17.939868+00:00	quiet	-0.000000	0.211875	False	2.118219	low_signal_confidence	
2026-04-05T06:40:17.967941+00:00	quiet	-0.000000	0.211875	False	2.118219	low_signal_confidence	
2026-04-05T06:40:17.996571+00:00	quiet	-0.000000	0.211875	False	2.118219	low_signal_confidence	
2026-04-05T06:40:18.024055+00:00	quiet	-0.000000	0.211875	False	2.118219	low_signal_confidence	
2026-04-05T06:40:18.052457+00:00	quiet	-0.000000	0.211875	False	2.118219	low_signal_confidence	
2026-04-05T06:40:18.081280+00:00	quiet	-0.000000	0.211875	False	2.118219	low_signal_confidence	
2026-04-05T06:40:18.109329+00:00	quiet	-0.000000	0.211875	False	2.118219	low_signal_confidence	
2026-04-05T06:40:18.139101+00:00	quiet	-0.000000	0.211875	False	2.118219	low_signal_confidence	
2026-04-05T06:40:18.167996+00:00	quiet	-0.000000	0.211875	False	2.118219	low_signal_confidence	
2026-04-05T06:40:18.196986+00:00	quiet	-0.000000	0.211875	False	2.118219	low_signal_confidence	
2026-04-05T06:40:18.225595+00:00	quiet	-0.000000	0.211875	False	2.118219	low_signal_confidence	
2026-04-05T06:40:18.253522+00:00	quiet	-0.000000	0.211875	False	2.118219	low_signal_confidence	
2026-04-05T06:40:18.282206+00:00	quiet	-0.000000	0.211875	False	2.118219	low_signal_confidence	
2026-04-05T06:40:18.310763+00:00	quiet	-0.000000	0.211875	False	2.118219	low_signal_confidence	
2026-04-05T06:40:18.339441+00:00	quiet	-0.000000	0.211875	False	2.118219	low_signal_confidence	
2026-04-05T06:40:18.366819+00:00	quiet	-0.000000	0.211875	False	2.118219	low_signal_confidence	
2026-04-05T06:40:18.395125+00:00	quiet	-0.000000	0.211875	False	2.118219	low_signal_confidence	
2026-04-05T06:40:18.424263+00:00	quiet	-0.000000	0.211875	False	2.118219	low_signal_confidence	
2026-04-05T06:40:18.452260+00:00	quiet	-0.000000	0.211875	False	2.118219	low_signal_confidence	
2026-04-05T06:40:18.481837+00:00	quiet	-0.000000	0.211875	False	2.118219	low_signal_confidence	
2026-04-05T06:40:18.509527+00:00	quiet	-0.000000	0.211875	False	2.118219	low_signal_confidence	
2026-04-05T06:40:18.537886+00:00	quiet	-0.000000	0.211875	False	2.118219	low_signal_confidence	
2026-04-05T06:40:18.567111+00:00	quiet	-0.000000	0.211875	False	2.118219	low_signal_confidence	
2026-04-05T06:40:18.596532+00:00	quiet	-0.000000	0.211875	False	2.118219	low_signal_confidence	
2026-04-05T06:40:18.624797+00:00	quiet	-0.000000	0.211875	False	2.118219	low_signal_confidence	
2026-04-05T06:40:18.653218+00:00	quiet	-0.000000	0.211875	False	2.118219	low_signal_confidence	
2026-04-05T06:40:18.682157+00:00	quiet	-0.000000	0.211875	False	2.118219	low_signal_confidence	
2026-04-05T06:40:18.711334+00:00	quiet	-0.000000	0.211875	False	2.118219	low_signal_confidence	
2026-04-05T06:40:18.739438+00:00	quiet	-0.000000	0.211875	False	2.118219	low_signal_confidence	
2026-04-05T06:40:18.767648+00:00	quiet	-0.000000	0.211875	False	2.118219	low_signal_confidence	
2026-04-05T06:40:18.796087+00:00	quiet	-0.000000	0.211875	False	2.118219	low_signal_confidence	
2026-04-05T06:40:18.825637+00:00	quiet	-0.000000	0.211875	False	2.118219	low_signal_confidence	
2026-04-05T06:40:18.854275+00:00	quiet	-0.000000	0.211875	False	2.118219	low_signal_confidence	
2026-04-05T06:40:18.883494+00:00	quiet	-0.000000	0.211875	False	2.118219	low_signal_confidence	
2026-04-05T06:40:18.911207+00:00	quiet	-0.000000	0.211875	False	2.118219	low_signal_confidence	
2026-04-05T06:40:18.939625+00:00	quiet	-0.000000	0.211875	False	2.118219	low_signal_confidence	
2026-04-05T06:40:18.967803+00:00	quiet	-0.000000	0.211875	False	2.118219	low_signal_confidence	
2026-04-05T06:40:18.997540+00:00	quiet	-0.000000	0.211875	False	2.118219	low_signal_confidence	
2026-04-05T06:40:19.025145+00:00	quiet	-0.000000	0.211875	False	2.118219	low_signal_confidence	
2026-04-05T06:40:19.053968+00:00	quiet	-0.000000	0.211875	False	2.118219	low_signal_confidence	
2026-04-05T06:40:19.082009+00:00	quiet	-0.000000	0.211875	False	2.118219	low_signal_confidence	
2026-04-05T06:40:19.110357+00:00	quiet	-0.000000	0.211875	False	2.118219	low_signal_confidence	
2026-04-05T06:40:19.138849+00:00	quiet	-0.000000	0.211875	False	2.118219	low_signal_confidence	
2026-04-05T06:40:19.168184+00:00	quiet	-0.000000	0.211875	False	2.118219	low_signal_confidence	
2026-04-05T06:40:19.197593+00:00	quiet	-0.000000	0.211875	False	2.118219	low_signal_confidence	
2026-04-05T06:40:19.228760+00:00	quiet	-0.000000	0.211875	False	2.118219	low_signal_confidence	
2026-04-05T06:40:19.257442+00:00	quiet	-0.000000	0.211875	False	2.118219	low_signal_confidence	
2026-04-05T06:40:19.286375+00:00	quiet	-0.000000	0.211875	False	2.118219	low_signal_confidence	
2026-04-05T06:40:19.314908+00:00	quiet	-0.000000	0.211875	False	2.118219	low_signal_confidence	
2026-04-05T06:40:19.342606+00:00	quiet	-0.000000	0.211875	False	2.118219	low_signal_confidence	
2026-04-05T06:40:19.371524+00:00	quiet	-0.000000	0.211875	False	2.118219	low_signal_confidence	
2026-04-05T06:40:19.400501+00:00	quiet	-0.000000	0.211875	False	2.118219	low_signal_confidence	
2026-04-05T06:40:19.429274+00:00	quiet	-0.000000	0.211875	False	2.118219	low_signal_confidence	
2026-04-05T06:40:19.458075+00:00	quiet	-0.000000	0.211875	False	2.118219	low_signal_confidence	
2026-04-05T06:40:19.486927+00:00	quiet	-0.000000	0.211875	False	2.118219	low_signal_confidence	
2026-04-05T06:40:19.515586+00:00	quiet	-0.000000	0.211875	False	2.118219	low_signal_confidence	
2026-04-05T06:40:19.544230+00:00	quiet	-0.000000	0.211875	False	2.118219	low_signal_confidence	
2026-04-05T06:40:19.574203+00:00	quiet	-0.000000	0.211875	False	2.118219	low_signal_confidence	
2026-04-05T06:40:19.603223+00:00	quiet	-0.000000	0.211875	False	2.118219	low_signal_confidence	
2026-04-05T06:40:19.632131+00:00	quiet	-0.000000	0.211875	False	2.118219	low_signal_confidence	
2026-04-05T06:40:19.660484+00:00	quiet	-0.000000	0.211875	False	2.118219	low_signal_confidence	
2026-04-05T06:40:19.772507+00:00	quiet	-0.000000	0.211875	False	2.118219	low_signal_confidence	
2026-04-05T06:40:19.802437+00:00	quiet	-0.000000	0.211875	False	2.118219	low_signal_confidence	
2026-04-05T06:40:19.831852+00:00	quiet	-0.000000	0.211875	False	2.118219	low_signal_confidence	
2026-04-05T06:40:19.859640+00:00	quiet	-0.000000	0.211875	False	2.118219	low_signal_confidence	
2026-04-05T06:40:19.888165+00:00	quiet	-0.000000	0.211875	False	2.118219	low_signal_confidence	
2026-04-05T06:40:19.916247+00:00	quiet	-0.000000	0.211875	False	2.118219	low_signal_confidence	
2026-04-05T06:40:19.944461+00:00	quiet	-0.000000	0.211875	False	2.118219	low_signal_confidence	
2026-04-05T06:40:19.973502+00:00	quiet	-0.000000	0.211875	False	2.118219	low_signal_confidence	
2026-04-05T06:40:20.001794+00:00	quiet	-0.000000	0.211875	False	2.118219	low_signal_confidence	
2026-04-05T06:40:20.030072+00:00	quiet	-0.000000	0.211875	False	2.118219	low_signal_confidence	
2026-04-05T06:40:20.059152+00:00	quiet	-0.000000	0.211875	False	2.118219	low_signal_confidence	
2026-04-05T06:40:20.089076+00:00	quiet	-0.000000	0.211875	False	2.118219	low_signal_confidence	
2026-04-05T06:40:20.118034+00:00	quiet	-0.000000	0.211875	False	2.118219	low_signal_confidence	
2026-04-05T06:40:20.146952+00:00	quiet	-0.000000	0.211875	False	2.118219	low_signal_confidence	
2026-04-05T06:40:20.174975+00:00	quiet	-0.000000	0.211875	False	2.118219	low_signal_confidence	
2026-04-05T06:40:20.204630+00:00	quiet	-0.000000	0.211875	False	2.118219	low_signal_confidence	
2026-04-05T06:40:20.233752+00:00	quiet	-0.000000	0.211875	False	2.118219	low_signal_confidence	
2026-04-05T06:40:20.263350+00:00	quiet	-0.000000	0.211875	False	2.118219	low_signal_confidence	
2026-04-05T06:40:20.291340+00:00	quiet	-0.000000	0.211875	False	2.118219	low_signal_confidence	
2026-04-05T06:40:20.319879+00:00	quiet	-0.000000	0.211875	False	2.118219	low_signal_confidence	
2026-04-05T06:40:20.348888+00:00	quiet	-0.000000	0.211875	False	2.118219	low_signal_confidence	
2026-04-05T06:40:20.377491+00:00	quiet	-0.000000	0.211875	False	2.118219	low_signal_confidence	
2026-04-05T06:40:20.406020+00:00	quiet	-0.000000	0.211875	False	2.118219	low_signal_confidence	
2026-04-05T06:40:20.434363+00:00	quiet	-0.000000	0.211875	False	2.118219	low_signal_confidence	
2026-04-05T06:40:20.463931+00:00	quiet	-0.000000	0.211875	False	2.118219	low_signal_confidence	
2026-04-05T06:40:20.491595+00:00	quiet	-0.000000	0.211875	False	2.118219	low_signal_confidence	
2026-04-05T06:40:20.520000+00:00	quiet	-0.000000	0.211875	False	2.118219	low_signal_confidence	
2026-04-05T06:40:20.548668+00:00	quiet	-0.000000	0.211875	False	2.118219	low_signal_confidence	
2026-04-05T06:40:20.576553+00:00	quiet	-0.000000	0.211875	False	2.118219	low_signal_confidence	
2026-04-05T06:40:20.604800+00:00	quiet	-0.000000	0.211875	False	2.118219	low_signal_confidence	
2026-04-05T06:40:20.634377+00:00	quiet	-0.000000	0.211875	False	2.118219	low_signal_confidence	
2026-04-05T06:40:20.663772+00:00	quiet	-0.000000	0.211875	False	2.118219	low_signal_confidence	
2026-04-05T06:40:20.692481+00:00	quiet	-0.000000	0.211875	False	2.118219	low_signal_confidence	
2026-04-05T06:40:20.722220+00:00	quiet	-0.000000	0.211875	False	2.118219	low_signal_confidence	
2026-04-05T06:40:20.751218+00:00	quiet	-0.000000	0.211875	False	2.118219	low_signal_confidence	
2026-04-05T06:40:20.780932+00:00	quiet	-0.000000	0.211875	False	2.118219	low_signal_confidence	
2026-04-05T06:40:20.808952+00:00	quiet	-0.000000	0.211875	False	2.118219	low_signal_confidence	
2026-04-05T06:40:20.838008+00:00	quiet	-0.000000	0.211875	False	2.118219	low_signal_confidence	
2026-04-05T06:40:20.865856+00:00	quiet	-0.000000	0.211875	False	2.118219	low_signal_confidence	
2026-04-05T06:40:20.894923+00:00	quiet	-0.000000	0.211875	False	2.118219	low_signal_confidence	
2026-04-05T06:40:20.923238+00:00	quiet	-0.000000	0.211875	False	2.118219	low_signal_confidence	
2026-04-05T06:40:20.951934+00:00	quiet	-0.000000	0.211875	False	2.118219	low_signal_confidence	
2026-04-05T06:40:20.981651+00:00	quiet	-0.000000	0.211875	False	2.118219	low_signal_confidence	
2026-04-05T06:40:21.010190+00:00	quiet	-0.000000	0.211875	False	2.118219	low_signal_confidence	
2026-04-05T06:40:21.038193+00:00	quiet	-0.000000	0.211875	False	2.118219	low_signal_confidence	
2026-04-05T06:40:21.066932+00:00	quiet	-0.000000	0.211875	False	2.118219	low_signal_confidence	
2026-04-05T06:40:21.094883+00:00	quiet	-0.000000	0.211875	False	2.118219	low_signal_confidence	
2026-04-05T06:40:21.123602+00:00	quiet	-0.000000	0.211875	False	2.118219	low_signal_confidence	
2026-04-05T06:40:21.152134+00:00	quiet	-0.000000	0.211875	False	2.118219	low_signal_confidence	
2026-04-05T06:40:21.181156+00:00	quiet	-0.000000	0.211875	False	2.118219	low_signal_confidence	
2026-04-05T06:40:21.210442+00:00	quiet	-0.000000	0.211875	False	2.118219	low_signal_confidence	
2026-04-05T06:40:21.239426+00:00	quiet	-0.000000	0.211875	False	2.118219	low_signal_confidence	
2026-04-05T06:40:21.269200+00:00	quiet	-0.000000	0.211875	False	2.118219	low_signal_confidence	
2026-04-05T06:40:21.299014+00:00	quiet	-0.000000	0.211875	False	2.118219	low_signal_confidence	
2026-04-05T06:40:21.327424+00:00	quiet	-0.000000	0.211875	False	2.118219	low_signal_confidence	
2026-04-05T06:40:21.356153+00:00	quiet	-0.000000	0.211875	False	2.118219	low_signal_confidence	
2026-04-05T06:40:21.385008+00:00	quiet	-0.000000	0.211875	False	2.118219	low_signal_confidence	
2026-04-05T06:40:21.414024+00:00	quiet	-0.000000	0.211875	False	2.118219	low_signal_confidence	
2026-04-05T06:40:21.442323+00:00	quiet	-0.000000	0.211875	False	2.118219	low_signal_confidence	
2026-04-05T06:40:21.471351+00:00	quiet	-0.000000	0.211875	False	2.118219	low_signal_confidence	
2026-04-05T06:40:21.499984+00:00	quiet	-0.000000	0.211875	False	2.118219	low_signal_confidence	
2026-04-05T06:40:21.528753+00:00	quiet	-0.000000	0.211875	False	2.118219	low_signal_confidence	
2026-04-05T06:40:21.558039+00:00	quiet	-0.000000	0.211875	False	2.118219	low_signal_confidence	
2026-04-05T06:40:21.586939+00:00	quiet	-0.000000	0.211875	False	2.118219	low_signal_confidence	
2026-04-05T06:40:21.615637+00:00	quiet	-0.000000	0.211875	False	2.118219	low_signal_confidence	
2026-04-05T06:40:21.644913+00:00	quiet	-0.000000	0.211875	False	2.118219	low_signal_confidence	
2026-04-05T06:40:21.673818+00:00	quiet	-0.000000	0.211875	False	2.118219	low_signal_confidence	
2026-04-05T06:40:21.773253+00:00	quiet	-0.000000	0.211875	False	2.118219	low_signal_confidence	
2026-04-05T06:40:21.802356+00:00	quiet	-0.000000	0.211875	False	2.118219	low_signal_confidence	
2026-04-05T06:40:21.831150+00:00	quiet	-0.000000	0.211875	False	2.118219	low_signal_confidence	
2026-04-05T06:40:21.859610+00:00	quiet	-0.000000	0.211875	False	2.118219	low_signal_confidence	
2026-04-05T06:40:21.888058+00:00	quiet	-0.000000	0.211875	False	2.118219	low_signal_confidence	
2026-04-05T06:40:21.917798+00:00	quiet	-0.000000	0.211875	False	2.118219	low_signal_confidence	
2026-04-05T06:40:21.947083+00:00	quiet	-0.000000	0.211875	False	2.118219	low_signal_confidence	
2026-04-05T06:40:21.975334+00:00	quiet	-0.000000	0.211875	False	2.118219	low_signal_confidence	
2026-04-05T06:40:22.003556+00:00	quiet	-0.000000	0.211875	False	2.118219	low_signal_confidence	
2026-04-05T06:40:22.032126+00:00	quiet	-0.000000	0.211875	False	2.118219	low_signal_confidence	
2026-04-05T06:40:22.060102+00:00	quiet	-0.000000	0.211875	False	2.118219	low_signal_confidence	
2026-04-05T06:40:22.088138+00:00	quiet	-0.000000	0.211875	False	2.118219	low_signal_confidence	
2026-04-05T06:40:22.116984+00:00	quiet	-0.000000	0.211875	False	2.118219	low_signal_confidence	
2026-04-05T06:40:22.144909+00:00	quiet	-0.000000	0.211875	False	2.118219	low_signal_confidence	
2026-04-05T06:40:22.173239+00:00	quiet	-0.000000	0.211875	False	2.118219	low_signal_confidence	
2026-04-05T06:40:22.201600+00:00	quiet	-0.000000	0.211875	False	2.118219	low_signal_confidence	
2026-04-05T06:40:22.229858+00:00	quiet	-0.000000	0.211875	False	2.118219	low_signal_confidence	
2026-04-05T06:40:22.258050+00:00	quiet	-0.000000	0.211875	False	2.118219	low_signal_confidence	
2026-04-05T06:40:22.286191+00:00	quiet	-0.000000	0.211875	False	2.118219	low_signal_confidence	
2026-04-05T06:40:22.315075+00:00	quiet	-0.000000	0.211875	False	2.118219	low_signal_confidence	
2026-04-05T06:40:22.343231+00:00	quiet	-0.000000	0.211875	False	2.118219	low_signal_confidence	
2026-04-05T06:40:22.371759+00:00	quiet	-0.000000	0.211875	False	2.118219	low_signal_confidence	
2026-04-05T06:40:22.400241+00:00	quiet	-0.000000	0.211875	False	2.118219	low_signal_confidence	
2026-04-05T06:40:22.429060+00:00	quiet	-0.000000	0.211875	False	2.118219	low_signal_confidence	
2026-04-05T06:40:22.458049+00:00	quiet	-0.000000	0.211875	False	2.118219	low_signal_confidence	
2026-04-05T06:40:22.486621+00:00	quiet	-0.000000	0.211875	False	2.118219	low_signal_confidence	
2026-04-05T06:40:22.515826+00:00	quiet	-0.000000	0.211875	False	2.118219	low_signal_confidence	
2026-04-05T06:40:22.544421+00:00	quiet	-0.000000	0.211875	False	2.118219	low_signal_confidence	
2026-04-05T06:40:22.580581+00:00	quiet	-0.000000	0.211875	False	2.118219	low_signal_confidence	
2026-04-05T06:40:22.610356+00:00	quiet	-0.000000	0.211875	False	2.118219	low_signal_confidence	
2026-04-05T06:40:22.638939+00:00	quiet	-0.000000	0.211875	False	2.118219	low_signal_confidence	
2026-04-05T06:40:22.667192+00:00	quiet	-0.000000	0.211875	False	2.118219	low_signal_confidence	
2026-04-05T06:40:22.695295+00:00	quiet	-0.000000	0.211875	False	2.118219	low_signal_confidence	
2026-04-05T06:40:22.724784+00:00	quiet	-0.000000	0.211875	False	2.118219	low_signal_confidence	
2026-04-05T06:40:22.753680+00:00	quiet	-0.000000	0.211875	False	2.118219	low_signal_confidence	
2026-04-05T06:40:22.782199+00:00	quiet	-0.000000	0.211875	False	2.118219	low_signal_confidence	
2026-04-05T06:40:22.811578+00:00	quiet	-0.000000	0.211875	False	2.118219	low_signal_confidence	
2026-04-05T06:40:22.839407+00:00	quiet	-0.000000	0.211875	False	2.118219	low_signal_confidence	
2026-04-05T06:40:22.868687+00:00	quiet	-0.000000	0.211875	False	2.118219	low_signal_confidence	
2026-04-05T06:40:22.897250+00:00	quiet	-0.000000	0.211875	False	2.118219	low_signal_confidence	
2026-04-05T06:40:22.932854+00:00	quiet	-0.000000	0.211875	False	2.118219	low_signal_confidence	
2026-04-05T06:40:22.964065+00:00	quiet	-0.000000	0.211875	False	2.118219	low_signal_confidence	
2026-04-05T06:40:22.998671+00:00	quiet	-0.000000	0.211875	False	2.118219	low_signal_confidence	
2026-04-05T06:40:23.034762+00:00	quiet	-0.000000	0.211875	False	2.118219	low_signal_confidence	
2026-04-05T06:40:23.063335+00:00	quiet	-0.000000	0.211875	False	2.118219	low_signal_confidence	
2026-04-05T06:40:23.092757+00:00	quiet	-0.000000	0.211875	False	2.118219	low_signal_confidence	
2026-04-05T06:40:23.121231+00:00	quiet	-0.000000	0.211875	False	2.118219	low_signal_confidence	
2026-04-05T06:40:23.150178+00:00	quiet	-0.000000	0.211875	False	2.118219	low_signal_confidence	
2026-04-05T06:40:23.178771+00:00	quiet	-0.000000	0.211875	False	2.118219	low_signal_confidence	
2026-04-05T06:40:23.207863+00:00	quiet	-0.000000	0.211875	False	2.118219	low_signal_confidence	
2026-04-05T06:40:23.236417+00:00	quiet	-0.000000	0.211875	False	2.118219	low_signal_confidence	
2026-04-05T06:40:23.264995+00:00	quiet	-0.000000	0.211875	False	2.118219	low_signal_confidence	
2026-04-05T06:40:23.293583+00:00	quiet	-0.000000	0.211875	False	2.118219	low_signal_confidence	
2026-04-05T06:40:23.321145+00:00	quiet	-0.000000	0.211875	False	2.118219	low_signal_confidence	
2026-04-05T06:40:23.350295+00:00	quiet	-0.000000	0.211875	False	2.118219	low_signal_confidence	
2026-04-05T06:40:23.377972+00:00	quiet	-0.000000	0.211875	False	2.118219	low_signal_confidence	
2026-04-05T06:40:23.407525+00:00	quiet	-0.000000	0.211875	False	2.118219	low_signal_confidence	
2026-04-05T06:40:23.436467+00:00	quiet	-0.000000	0.211875	False	2.118219	low_signal_confidence	
2026-04-05T06:40:23.466050+00:00	quiet	-0.000000	0.211875	False	2.118219	low_signal_confidence	
2026-04-05T06:40:23.496359+00:00	quiet	-0.000000	0.211875	False	2.118219	low_signal_confidence	
2026-04-05T06:40:23.529890+00:00	quiet	-0.000000	0.211875	False	2.118219	low_signal_confidence	
2026-04-05T06:40:23.557484+00:00	quiet	-0.000000	0.211875	False	2.118219	low_signal_confidence	
2026-04-05T06:40:23.586846+00:00	quiet	-0.000000	0.211875	False	2.118219	low_signal_confidence	
2026-04-05T06:40:23.615943+00:00	quiet	-0.000000	0.211875	False	2.118219	low_signal_confidence	
2026-04-05T06:40:23.645643+00:00	quiet	-0.000000	0.211875	False	2.118219	low_signal_confidence	
2026-04-05T06:40:23.673251+00:00	quiet	-0.000000	0.211875	False	2.118219	low_signal_confidence	
2026-04-05T06:40:23.702314+00:00	quiet	-0.000000	0.211875	False	2.118219	low_signal_confidence	
2026-04-05T06:40:23.801757+00:00	quiet	-0.000000	0.211875	False	2.118219	low_signal_confidence	
2026-04-05T06:40:23.830805+00:00	quiet	-0.000000	0.211875	False	2.118219	low_signal_confidence	
2026-04-05T06:40:23.859319+00:00	quiet	-0.000000	0.211875	False	2.118219	low_signal_confidence	
2026-04-05T06:40:23.886730+00:00	quiet	-0.000000	0.211875	False	2.118219	low_signal_confidence	
2026-04-05T06:40:23.916807+00:00	quiet	-0.000000	0.211875	False	2.118219	low_signal_confidence	
2026-04-05T06:40:23.945998+00:00	quiet	-0.000000	0.211875	False	2.118219	low_signal_confidence	
2026-04-05T06:40:23.974845+00:00	quiet	-0.000000	0.211875	False	2.118219	low_signal_confidence	
2026-04-05T06:40:24.004135+00:00	quiet	-0.000000	0.211875	False	2.118219	low_signal_confidence	
2026-04-05T06:40:24.034451+00:00	quiet	-0.000000	0.211875	False	2.118219	low_signal_confidence	
2026-04-05T06:40:24.062848+00:00	quiet	-0.000000	0.211875	False	2.118219	low_signal_confidence	
2026-04-05T06:40:24.092447+00:00	quiet	-0.000000	0.211875	False	2.118219	low_signal_confidence	
2026-04-05T06:40:24.121354+00:00	quiet	-0.000000	0.211875	False	2.118219	low_signal_confidence	
2026-04-05T06:40:24.149991+00:00	quiet	-0.000000	0.211875	False	2.118219	low_signal_confidence	
2026-04-05T06:40:24.178205+00:00	quiet	-0.000000	0.211875	False	2.118219	low_signal_confidence	
2026-04-05T06:40:24.205571+00:00	quiet	-0.000000	0.211875	False	2.118219	low_signal_confidence	
2026-04-05T06:40:24.234731+00:00	quiet	-0.000000	0.211875	False	2.118219	low_signal_confidence	
2026-04-05T06:40:24.263364+00:00	quiet	-0.000000	0.211875	False	2.118219	low_signal_confidence	
2026-04-05T06:40:24.291705+00:00	quiet	-0.000000	0.211875	False	2.118219	low_signal_confidence	
2026-04-05T06:40:24.320738+00:00	quiet	-0.000000	0.211875	False	2.118219	low_signal_confidence	
2026-04-05T06:40:24.348864+00:00	quiet	-0.000000	0.211875	False	2.118219	low_signal_confidence	
2026-04-05T06:40:24.378302+00:00	quiet	-0.000000	0.211875	False	2.118219	low_signal_confidence	
2026-04-05T06:40:24.407311+00:00	quiet	-0.000000	0.211875	False	2.118219	low_signal_confidence	
2026-04-05T06:40:24.435942+00:00	quiet	-0.000000	0.211875	False	2.118219	low_signal_confidence	
2026-04-05T06:40:24.464469+00:00	quiet	-0.000000	0.211875	False	2.118219	low_signal_confidence	
2026-04-05T06:40:24.494341+00:00	quiet	-0.000000	0.211875	False	2.118219	low_signal_confidence	
2026-04-05T06:40:24.522423+00:00	quiet	-0.000000	0.211875	False	2.118219	low_signal_confidence	
2026-04-05T06:40:24.550613+00:00	quiet	-0.000000	0.211875	False	2.118219	low_signal_confidence	
2026-04-05T06:40:24.580131+00:00	quiet	-0.000000	0.211875	False	2.118219	low_signal_confidence	
2026-04-05T06:40:24.608624+00:00	quiet	-0.000000	0.211875	False	2.118219	low_signal_confidence	
2026-04-05T06:40:24.636589+00:00	quiet	-0.000000	0.211875	False	2.118219	low_signal_confidence	
2026-04-05T06:40:24.665685+00:00	quiet	-0.000000	0.211875	False	2.118219	low_signal_confidence	
2026-04-05T06:40:24.692620+00:00	quiet	-0.000000	0.211875	False	2.118219	low_signal_confidence	
2026-04-05T06:40:24.723400+00:00	quiet	-0.000000	0.211875	False	2.118219	low_signal_confidence	
2026-04-05T06:40:24.753277+00:00	quiet	-0.000000	0.211875	False	2.118219	low_signal_confidence	
2026-04-05T06:40:24.781329+00:00	quiet	-0.000000	0.211875	False	2.118219	low_signal_confidence	
2026-04-05T06:40:24.810259+00:00	quiet	-0.000000	0.211875	False	2.118219	low_signal_confidence	
2026-04-05T06:40:24.838307+00:00	quiet	-0.000000	0.211875	False	2.118219	low_signal_confidence	
2026-04-05T06:40:24.866745+00:00	quiet	-0.000000	0.211875	False	2.118219	low_signal_confidence	
2026-04-05T06:40:24.894198+00:00	quiet	-0.000000	0.211875	False	2.118219	low_signal_confidence	
2026-04-05T06:40:24.922807+00:00	quiet	-0.000000	0.211875	False	2.118219	low_signal_confidence	
2026-04-05T06:40:24.951406+00:00	quiet	-0.000000	0.211875	False	2.118219	low_signal_confidence	
2026-04-05T06:40:24.980485+00:00	quiet	-0.000000	0.211875	False	2.118219	low_signal_confidence	
2026-04-05T06:40:25.010307+00:00	quiet	-0.000000	0.211875	False	2.118219	low_signal_confidence	
2026-04-05T06:40:25.039091+00:00	quiet	-0.000000	0.211875	False	2.118219	low_signal_confidence	
2026-04-05T06:40:25.067021+00:00	quiet	-0.000000	0.211875	False	2.118219	low_signal_confidence	
2026-04-05T06:40:25.096687+00:00	quiet	-0.000000	0.211875	False	2.118219	low_signal_confidence	
2026-04-05T06:40:25.125692+00:00	quiet	-0.000000	0.211875	False	2.118219	low_signal_confidence	
2026-04-05T06:40:25.154597+00:00	quiet	-0.000000	0.211875	False	2.118219	low_signal_confidence	
2026-04-05T06:40:25.183085+00:00	quiet	-0.000000	0.211875	False	2.118219	low_signal_confidence	
2026-04-05T06:40:25.210704+00:00	quiet	-0.000000	0.211875	False	2.118219	low_signal_confidence	
2026-04-05T06:40:25.239582+00:00	quiet	-0.000000	0.211875	False	2.118219	low_signal_confidence	
2026-04-05T06:40:25.268847+00:00	quiet	-0.000000	0.211875	False	2.118219	low_signal_confidence	
2026-04-05T06:40:25.297613+00:00	quiet	-0.000000	0.211875	False	2.118219	low_signal_confidence	
2026-04-05T06:40:25.326785+00:00	quiet	-0.000000	0.211875	False	2.118219	low_signal_confidence	
2026-04-05T06:40:25.355326+00:00	quiet	-0.000000	0.211875	False	2.118219	low_signal_confidence	
2026-04-05T06:40:25.384791+00:00	quiet	-0.000000	0.211875	False	2.118219	low_signal_confidence	
2026-04-05T06:40:25.414182+00:00	quiet	-0.000000	0.211875	False	2.118219	low_signal_confidence	
2026-04-05T06:40:25.442488+00:00	quiet	-0.000000	0.211875	False	2.118219	low_signal_confidence	
2026-04-05T06:40:25.471545+00:00	quiet	-0.000000	0.211875	False	2.118219	low_signal_confidence	
2026-04-05T06:40:25.499988+00:00	quiet	-0.000000	0.211875	False	2.118219	low_signal_confidence	
2026-04-05T06:40:25.529874+00:00	quiet	-0.000000	0.211875	False	2.118219	low_signal_confidence	
2026-04-05T06:40:25.559155+00:00	quiet	-0.000000	0.211875	False	2.118219	low_signal_confidence	
2026-04-05T06:40:25.587344+00:00	quiet	-0.000000	0.211875	False	2.118219	low_signal_confidence	
2026-04-05T06:40:25.616891+00:00	quiet	-0.000000	0.211875	False	2.118219	low_signal_confidence	
2026-04-05T06:40:25.646607+00:00	quiet	-0.000000	0.211875	False	2.118219	low_signal_confidence	
2026-04-05T06:40:25.677265+00:00	quiet	-0.000000	0.211875	False	2.118219	low_signal_confidence	
2026-04-05T06:40:25.704845+00:00	quiet	-0.000000	0.211875	False	2.118219	low_signal_confidence	
2026-04-05T06:40:25.807705+00:00	quiet	-0.000000	0.211875	False	2.118219	low_signal_confidence	
2026-04-05T06:40:25.836678+00:00	quiet	-0.000000	0.211875	False	2.118219	low_signal_confidence	
2026-04-05T06:40:25.867121+00:00	quiet	-0.000000	0.211875	False	2.118219	low_signal_confidence	
2026-04-05T06:40:25.896241+00:00	quiet	-0.000000	0.211875	False	2.118219	low_signal_confidence	
2026-04-05T06:40:25.925217+00:00	quiet	-0.000000	0.211875	False	2.118219	low_signal_confidence	
2026-04-05T06:40:25.954575+00:00	quiet	-0.000000	0.211875	False	2.118219	low_signal_confidence	
2026-04-05T06:40:25.983703+00:00	quiet	-0.000000	0.211875	False	2.118219	low_signal_confidence	
2026-04-05T06:40:26.012509+00:00	quiet	-0.000000	0.211875	False	2.118219	low_signal_confidence	
2026-04-05T06:40:26.040714+00:00	quiet	-0.000000	0.211875	False	2.118219	low_signal_confidence	
2026-04-05T06:40:26.069508+00:00	quiet	-0.000000	0.211875	False	2.118219	low_signal_confidence	
2026-04-05T06:40:26.098797+00:00	quiet	-0.000000	0.211875	False	2.118219	low_signal_confidence	
2026-04-05T06:40:26.126866+00:00	quiet	-0.000000	0.211875	False	2.118219	low_signal_confidence	
2026-04-05T06:40:26.155241+00:00	quiet	-0.000000	0.211875	False	2.118219	low_signal_confidence	
2026-04-05T06:40:26.183195+00:00	quiet	-0.000000	0.211875	False	2.118219	low_signal_confidence	
2026-04-05T06:40:26.212238+00:00	quiet	-0.000000	0.211875	False	2.118219	low_signal_confidence	
2026-04-05T06:40:26.240246+00:00	quiet	-0.000000	0.211875	False	2.118219	low_signal_confidence	
2026-04-05T06:40:26.269230+00:00	quiet	-0.000000	0.211875	False	2.118219	low_signal_confidence	
2026-04-05T06:40:26.298059+00:00	quiet	-0.000000	0.211875	False	2.118219	low_signal_confidence	
2026-04-05T06:40:26.327590+00:00	quiet	-0.000000	0.211875	False	2.118219	low_signal_confidence	
2026-04-05T06:40:26.356223+00:00	quiet	-0.000000	0.211875	False	2.118219	low_signal_confidence	
2026-04-05T06:40:26.384322+00:00	quiet	-0.000000	0.211875	False	2.118219	low_signal_confidence	
2026-04-05T06:40:26.412857+00:00	quiet	-0.000000	0.211875	False	2.118219	low_signal_confidence	
2026-04-05T06:40:26.441847+00:00	quiet	-0.000000	0.211875	False	2.118219	low_signal_confidence	
2026-04-05T06:40:26.470782+00:00	quiet	-0.000000	0.211875	False	2.118219	low_signal_confidence	
2026-04-05T06:40:26.500397+00:00	quiet	-0.000000	0.211875	False	2.118219	low_signal_confidence	
2026-04-05T06:40:26.528496+00:00	quiet	-0.000000	0.211875	False	2.118219	low_signal_confidence	
2026-04-05T06:40:26.557591+00:00	quiet	-0.000000	0.211875	False	2.118219	low_signal_confidence	
2026-04-05T06:40:26.595548+00:00	quiet	-0.000000	0.211875	False	2.118219	low_signal_confidence	
2026-04-05T06:40:26.631595+00:00	quiet	-0.000000	0.211875	False	2.118219	low_signal_confidence	
2026-04-05T06:40:26.662122+00:00	quiet	-0.000000	0.211875	False	2.118219	low_signal_confidence	
2026-04-05T06:40:26.691540+00:00	quiet	-0.000000	0.211875	False	2.118219	low_signal_confidence	
2026-04-05T06:40:26.721133+00:00	quiet	-0.000000	0.211875	False	2.118219	low_signal_confidence	
2026-04-05T06:40:26.749741+00:00	quiet	-0.000000	0.211875	False	2.118219	low_signal_confidence	
2026-04-05T06:40:26.779262+00:00	quiet	-0.000000	0.211875	False	2.118219	low_signal_confidence	
2026-04-05T06:40:26.806680+00:00	quiet	-0.000000	0.211875	False	2.118219	low_signal_confidence	
2026-04-05T06:40:26.836636+00:00	quiet	-0.000000	0.211875	False	2.118219	low_signal_confidence	
2026-04-05T06:40:26.864543+00:00	quiet	-0.000000	0.211875	False	2.118219	low_signal_confidence	
2026-04-05T06:40:26.893420+00:00	quiet	-0.000000	0.211875	False	2.118219	low_signal_confidence	
2026-04-05T06:40:26.921905+00:00	quiet	-0.000000	0.211875	False	2.118219	low_signal_confidence	
2026-04-05T06:40:26.949943+00:00	quiet	-0.000000	0.211875	False	2.118219	low_signal_confidence	
2026-04-05T06:40:26.980018+00:00	quiet	-0.000000	0.211875	False	2.118219	low_signal_confidence	
2026-04-05T06:40:27.008429+00:00	quiet	-0.000000	0.211875	False	2.118219	low_signal_confidence	
2026-04-05T06:40:27.037611+00:00	quiet	-0.000000	0.211875	False	2.118219	low_signal_confidence	
2026-04-05T06:40:27.065872+00:00	quiet	-0.000000	0.211875	False	2.118219	low_signal_confidence	
2026-04-05T06:40:27.094346+00:00	quiet	-0.000000	0.211875	False	2.118219	low_signal_confidence	
2026-04-05T06:40:27.122285+00:00	quiet	-0.000000	0.211875	False	2.118219	low_signal_confidence	
2026-04-05T06:40:27.150191+00:00	quiet	-0.000000	0.211875	False	2.118219	low_signal_confidence	
2026-04-05T06:40:27.179688+00:00	quiet	-0.000000	0.211875	False	2.118219	low_signal_confidence	
2026-04-05T06:40:27.208360+00:00	quiet	-0.000000	0.211875	False	2.118219	low_signal_confidence	
2026-04-05T06:40:27.237306+00:00	quiet	-0.000000	0.211875	False	2.118219	low_signal_confidence	
2026-04-05T06:40:27.264433+00:00	quiet	-0.000000	0.211875	False	2.118219	low_signal_confidence	
2026-04-05T06:40:27.293477+00:00	quiet	-0.000000	0.211875	False	2.118219	low_signal_confidence	
2026-04-05T06:40:27.322422+00:00	quiet	-0.000000	0.211875	False	2.118219	low_signal_confidence	
2026-04-05T06:40:27.351421+00:00	quiet	3.851199	0.467685	True	2.079847	post_cost_expectancy_ok	-0.157484
2026-04-05T06:40:27.380703+00:00	quiet	7.852312	0.467685	True	2.079847	post_cost_expectancy_ok	
2026-04-05T06:40:27.409593+00:00	quiet	7.406058	0.467685	True	2.079847	post_cost_expectancy_ok	
2026-04-05T06:40:27.437751+00:00	quiet	6.985505	0.456953	True	2.081457	post_cost_expectancy_ok	
2026-04-05T06:40:27.466513+00:00	quiet	6.589027	0.456953	True	2.081457	post_cost_expectancy_ok	
2026-04-05T06:40:27.495062+00:00	quiet	6.215109	0.456953	True	2.081457	post_cost_expectancy_ok	
2026-04-05T06:40:27.524361+00:00	quiet	5.862346	0.456953	True	2.081457	post_cost_expectancy_ok	
2026-04-05T06:40:27.552274+00:00	quiet	5.529428	0.456953	True	2.081457	post_cost_expectancy_ok	-0.085691
2026-04-05T06:40:27.584117+00:00	quiet	5.605698	0.456953	True	2.081457	post_cost_expectancy_ok	0.042496
2026-04-05T06:40:27.614779+00:00	quiet	4.761375	0.456953	True	2.081457	post_cost_expectancy_ok	